Year ,Month,Transport Mode,Volume ,Rate,,,,
2009,April,Bus,"2,066",11.3,,,,
2009,May,Bus,"2,148",11.1,,,,
2009,June,Bus,"2,141",11.1,,,,
2009,July,Bus,"2,149",11.2,,,,
2009,August,Bus,"1,745",9.7,,,,
2009,September,Bus,"1,871",9.6,,,,
2009,October,Bus,"2,211",11,,,,
2009,November,Bus,"2,234",11.6,,,,
2009,December,Bus,"1,925",10.9,,,,
2010,January,Bus,"1,921",10.6,,,,
2010,February,Bus,"2,079",12,,,,
2010,March,Bus,"2,402",12,,,,
2009,April,London Underground / Docklands Light Railway,"1,206",13.3,,,,
2009,May,London Underground / Docklands Light Railway,"1,359",14.6,,,,
2009,June,London Underground / Docklands Light Railway,"1,179",13.1,,,,
2009,July,London Underground / Docklands Light Railway,"1,216",12.5,,,,
2009,August,London Underground / Docklands Light Railway,"1,151",13.2,,,,
2009,September,London Underground / Docklands Light Railway,"1,251",13.5,,,,
2009,October,London Underground / Docklands Light Railway,"1,337",13.2,,,,
2009,November,London Underground / Docklands Light Railway,"1,282",13.4,,,,
2009,December,London Underground / Docklands Light Railway,"1,130",12,,,,
2010,January,London Underground / Docklands Light Railway,"1,198",13.6,,,,
2010,February,London Underground / Docklands Light Railway,"1,187",13.1,,,,
2010,March,London Underground / Docklands Light Railway,"1,329",12.5,,,,
2009,April,London Overground,31,,,,,
2009,May,London Overground,20,,,,,
2009,June,London Overground,35,,,,,
2009,July,London Overground,32,,,,,
2009,August,London Overground,37,,,,,
2009,September,London Overground,39,,,,,
2009,October,London Overground,54,,,,,
2009,November,London Overground,52,,,,,
2009,December,London Overground,35,,,,,
2010,January,London Overground,42,,,,,
2010,February,London Overground,29,,,,,
2010,March,London Overground,44,,,,,
2009,April,London Tramlink,38,17.4,,,,
2009,May,London Tramlink,41,18.1,,,,
2009,June,London Tramlink,41,17.4,,,,
2009,July,London Tramlink,35,16.3,,,,
2009,August,London Tramlink,26,17.4,,,,
2009,September,London Tramlink,32,15.2,,,,
2009,October,London Tramlink,29,12.5,,,,
2009,November,London Tramlink,40,18,,,,
2009,December,London Tramlink,45,21.6,,,,
2010,January,London Tramlink,22,10.4,,,,
2010,February,London Tramlink,28,14,,,,
2010,March,London Tramlink,26,10.6,,,,
2010,April,Bus,"1,955",10.7,,,,
2010,May,Bus,"1,955",10,,,,
2010,June,Bus,"2,068",10.6,,,,
2010,July,Bus,"2,161",10.9,,,,
2010,August,Bus,"1,850",10.6,,,,
2010,September,Bus,"1,988",9.7,,,,
2010,October,Bus,"2,086",10.5,,,,
2010,November,Bus,"2,071",10.5,,,,
2010,December,Bus,"1,747",10.3,,,,
2011,January,Bus,"1,979",10.7,,,,
2011,February,Bus,"1,968",11.1,,,,
2011,March,Bus,"2,126",10.2,,,,
2010,April,London Underground / Docklands Light Railway,"1,134",12,,,,
2010,May,London Underground / Docklands Light Railway,"1,117",11.9,,,,
2010,June,London Underground / Docklands Light Railway,"1,058",10.7,,,,
2010,July,London Underground / Docklands Light Railway,"1,181",11.5,,,,
2010,August,London Underground / Docklands Light Railway,"1,078",11.3,,,,
2010,September,London Underground / Docklands Light Railway,"1,066",10.8,,,,
2010,October,London Underground / Docklands Light Railway,"1,304",12.4,,,,
2010,November,London Underground / Docklands Light Railway,"1,273",12.3,,,,
2010,December,London Underground / Docklands Light Railway,983,10.3,,,,
2011,January,London Underground / Docklands Light Railway,"1,104",11.8,,,,
2011,February,London Underground / Docklands Light Railway,"1,125",12.1,,,,
2011,March,London Underground / Docklands Light Railway,"1,260",11.7,,,,
2010,April,London Overground,39,,,,,
2010,May,London Overground,43,,,,,
2010,June,London Overground,45,,,,,
2010,July,London Overground,70,,,,,
2010,August,London Overground,55,,,,,
2010,September,London Overground,56,,,,,
2010,October,London Overground,80,,,,,
2010,November,London Overground,72,,,,,
2010,December,London Overground,33,,,,,
2011,January,London Overground,53,,,,,
2011,February,London Overground,54,,,,,
2011,March,London Overground,58,,,,,
2010,April,London Tramlink,37,16.7,,,,
2010,May,London Tramlink,37,16,,,,
2010,June,London Tramlink,34,14.5,,,,
2010,July,London Tramlink,32,13.6,,,,
2010,August,London Tramlink,30,14.3,,,,
2010,September,London Tramlink,24,10,,,,
2010,October,London Tramlink,28,11.5,,,,
2010,November,London Tramlink,49,19.9,,,,
2010,December,London Tramlink,14,6.2,,,,
2011,January,London Tramlink,29,13,,,,
2011,February,London Tramlink,23,10.5,,,,
2011,March,London Tramlink,30,11.7,,,,
2011,April,Bus,"1,768",9.7,,,,
2011,May,Bus,"2,006",10,,,,
2011,June,Bus,"1,967",9.8,,,,
2011,July,Bus,"1,921",9.6,,,,
2011,August,Bus,"1,515",8.7,,,,
2011,September,Bus,"1,659",8,,,,
2011,October,Bus,"1,841",9.1,,,,
2011,November,Bus,"1,957",9.6,,,,
2011,December,Bus,"1,650",9.1,,,,
2012,January,Bus,"1,745",9.1,,,,
2012,February,Bus,"1,643",8.9,,,,
2012,March,Bus,"1,998",9.4,,,,
2011,April,London Underground / Docklands Light Railway,965,10,,,,
2011,May,London Underground / Docklands Light Railway,"1,170",11.8,,,,
2011,June,London Underground / Docklands Light Railway,"1,166",11.3,,,,
2011,July,London Underground / Docklands Light Railway,"1,135",10.8,,,,
2011,August,London Underground / Docklands Light Railway,"1,010",10.3,,,,
2011,September,London Underground / Docklands Light Railway,916,8.8,,,,
2011,October,London Underground / Docklands Light Railway,"1,031",9.4,,,,
2011,November,London Underground / Docklands Light Railway,987,9,,,,
2011,December,London Underground / Docklands Light Railway,927,9.1,,,,
2012,January,London Underground / Docklands Light Railway,954,9.3,,,,
2012,February,London Underground / Docklands Light Railway,"1,006",9.9,,,,
2012,March,London Underground / Docklands Light Railway,"1,045",9.4,,,,
2011,April,London Overground,40,6.6,,,,
2011,May,London Overground,51,7.4,,,,
2011,June,London Overground,59,7.7,,,,
2011,July,London Overground,74,9,,,,
2011,August,London Overground,78,9.5,,,,
2011,September,London Overground,109,12.7,,,,
2011,October,London Overground,64,6.7,,,,
2011,November,London Overground,72,7.6,,,,
2011,December,London Overground,58,7.1,,,,
2012,January,London Overground,55,5.9,,,,
2012,February,London Overground,71,7.8,,,,
2012,March,London Overground,82,8.1,,,,
2011,April,London Tramlink,46,21.8,,,,
2011,May,London Tramlink,37,15.3,,,,
2011,June,London Tramlink,34,13.9,,,,
2011,July,London Tramlink,38,15.6,,,,
2011,August,London Tramlink,35,16.6,,,,
2011,September,London Tramlink,26,10.4,,,,
2011,October,London Tramlink,22,8.8,,,,
2011,November,London Tramlink,27,10.5,,,,
2011,December,London Tramlink,33,14,,,,
2012,January,London Tramlink,18,7.6,,,,
2012,February,London Tramlink,18,8.5,,,,
2012,March,London Tramlink,35,13.5,,,,
2012,April,Bus,"1,653",8.9,,,,
2012,May,Bus,"1,823",8.5,,,,
2012,June,Bus,"1,688",8.8,,,,
2012,July,Bus,"1,822",9.1,,,,
2012,August,Bus,"1,591",8.7,,,,
2012,September,Bus,"1,505",7.3,,,,
2012,October,Bus,"1,822",8.6,,,,
2012,November,Bus,"1,823",9,,,,
2012,December,Bus,"1,725",9.5,,,,
2013,January,Bus,"1,581",8.3,,,,
2013,February,Bus,"1,572",8.7,,,,
2013,March,Bus,"1,644",8.2,,,,
2012,April,London Underground / Docklands Light Railway,934,9.1,,,,
2012,May,London Underground / Docklands Light Railway,"1,100",9.9,,,,
2012,June,London Underground / Docklands Light Railway,"1,047",10.1,,,,
2012,July,London Underground / Docklands Light Railway,"1,205",10.4,,,,
2012,August,London Underground / Docklands Light Railway,948,7.9,,,,
2012,September,London Underground / Docklands Light Railway,884,8.1,,,,
2012,October,London Underground / Docklands Light Railway,"1,158",9.8,,,,
2012,November,London Underground / Docklands Light Railway,"1,304",11.4,,,,
2012,December,London Underground / Docklands Light Railway,"1,037",10,,,,
2013,January,London Underground / Docklands Light Railway,"1,108",10.5,,,,
2013,February,London Underground / Docklands Light Railway,999,9.8,,,,
2013,March,London Underground / Docklands Light Railway,"1,221",11,,,,
2012,April,London Overground,64,7.1,,,,
2012,May,London Overground,72,7.2,,,,
2012,June,London Overground,75,8.2,,,,
2012,July,London Overground,80,7.6,,,,
2012,August,London Overground,97,8.7,,,,
2012,September,London Overground,99,9.4,,,,
2012,October,London Overground,93,8.7,,,,
2012,November,London Overground,100,9,,,,
2012,December,London Overground,72,7.5,,,,
2013,January,London Overground,76,6.9,,,,
2013,February,London Overground,68,6.4,,,,
2013,March,London Overground,65,5.6,,,,
2012,April,London Tramlink,19,8.3,,,,
2012,May,London Tramlink,46,17.5,,,,
2012,June,London Tramlink,35,14.7,,,,
2012,July,London Tramlink,36,13.4,,,,
2012,August,London Tramlink,31,12.3,,,,
2012,September,London Tramlink,21,8,,,,
2012,October,London Tramlink,32,12.7,,,,
2012,November,London Tramlink,31,11.9,,,,
2012,December,London Tramlink,31,12.9,,,,
2013,January,London Tramlink,29,11.8,,,,
2013,February,London Tramlink,21,9.1,,,,
2013,March,London Tramlink,23,8.9,,,,
2012,April,All transport modes,"2,670",8.9,,,,
2012,May,All transport modes,"3,041",9,,,,
2012,June,All transport modes,"2,845",9.2,,,,
2012,July,All transport modes,"3,143",9.5,,,,
2012,August,All transport modes,"2,667",8.4,,,,
2012,September,All transport modes,"2,509",7.7,,,,
2012,October,All transport modes,"3,105",9.1,,,,
2012,November,All transport modes,"3,258",9.9,,,,
2012,December,All transport modes,"2,865",9.6,,,,
2013,January,All transport modes,"2,794",9.1,,,,
2013,February,All transport modes,"2,660",9,,,,
2013,March,All transport modes,"2,953",9.1,,,,
2013,April,Bus,"1,578",8.2,,,,
2013,May,Bus,"1,610",7.8,,,,
2013,June,Bus,"1,589",7.8,,,,
2013,July,Bus,"1,629",7.9,,,,
2013,August,Bus,"1,571",8.6,,,,
2013,September,Bus,"1,563",7.6,,,,
2013,October,Bus,"1,675",7.9,,,,
2013,November,Bus,"1,511",7.3,,,,
2013,December,Bus,"1,328",7.1,,,,
2014,January,Bus,"1,370",6.9,,,,
2014,February,Bus,"1,344",7.2,,,,
2014,March,Bus,"1,464",6.8,,,,
2013,April,London Underground / Docklands Light Railway,"1,018",9.2,,,,
2013,May,London Underground / Docklands Light Railway,954,8.3,,,,
2013,June,London Underground / Docklands Light Railway,963,8.6,,,,
2013,July,London Underground / Docklands Light Railway,"1,018",8.6,,,,
2013,August,London Underground / Docklands Light Railway,982,9.1,,,,
2013,September,London Underground / Docklands Light Railway,870,7.8,,,,
2013,October,London Underground / Docklands Light Railway,932,7.5,,,,
2013,November,London Underground / Docklands Light Railway,866,7.1,,,,
2013,December,London Underground / Docklands Light Railway,829,7.7,,,,
2014,January,London Underground / Docklands Light Railway,973,8.6,,,,
2014,February,London Underground / Docklands Light Railway,850,8.3,,,,
2014,March,London Underground / Docklands Light Railway,914,7.7,,,,
2013,April,London Overground,75,6.6,,,,
2013,May,London Overground,91,7.9,,,,
2013,June,London Overground,84,7.1,,,,
2013,July,London Overground,81,6.5,,,,
2013,August,London Overground,48,4.3,,,,
2013,September,London Overground,68,5.8,,,,
2013,October,London Overground,80,7.1,,,,
2013,November,London Overground,70,6.2,,,,
2013,December,London Overground,64,6.5,,,,
2014,January,London Overground,81,7.4,,,,
2014,February,London Overground,75,6.9,,,,
2014,March,London Overground,82,7.1,,,,
2013,April,London Tramlink,41,16.1,,,,
2013,May,London Tramlink,36,13.6,,,,
2013,June,London Tramlink,30,11.3,,,,
2013,July,London Tramlink,34,12.6,,,,
2013,August,London Tramlink,28,12.8,,,,
2013,September,London Tramlink,22,8.3,,,,
2013,October,London Tramlink,33,11.8,,,,
2013,November,London Tramlink,19,6.8,,,,
2013,December,London Tramlink,20,8.4,,,,
2014,January,London Tramlink,21,8,,,,
2014,February,London Tramlink,22,9.1,,,,
2014,March,London Tramlink,12,4.2,,,,
2013,April,All transport modes,"2,712",8.6,,,,
2013,May,All transport modes,"2,691",8,,,,
2013,June,All transport modes,"2,666",8.1,,,,
2013,July,All transport modes,"2,762",8.2,,,,
2013,August,All transport modes,"2,629",8.7,,,,
2013,September,All transport modes,"2,523",7.6,,,,
2013,October,All transport modes,"2,720",7.8,,,,
2013,November,All transport modes,"2,466",7.2,,,,
2013,December,All transport modes,"2,241",7.3,,,,
2014,January,All transport modes,"2,445",7.5,,,,
2014,February,All transport modes,"2,291",7.6,,,,
2014,March,All transport modes,"2,472",7.1,,,,
2014,April,Bus,"1,306",6.8,,,,
2014,May,Bus,"1,350",6.6,,,,
2014,June,Bus,"1,438",6.9,,,,
2014,July,Bus,"1,392",6.8,,,,
2014,August,Bus,"1,183",6.6,,,,
2014,September,Bus,"1,559",7.4,,,,
2014,October,Bus,"1,585",7.4,,,,
2014,November,Bus,"1,521",7.4,,,,
2014,December,Bus,"1,515",8,,,,
2015,January,Bus,"1,501",7.9,,,,
2015,February,Bus,"1,339",7.6,,,,
2015,March,Bus,"1,588",7.7,,,,
2014,April,London Underground / Docklands Light Railway,749,7,,,,
2014,May,London Underground / Docklands Light Railway,747,6.5,,,,
2014,June,London Underground / Docklands Light Railway,841,7.3,,,,
2014,July,London Underground / Docklands Light Railway,859,7,,,,
2014,August,London Underground / Docklands Light Railway,764,6.9,,,,
2014,September,London Underground / Docklands Light Railway,793,6.8,,,,
2014,October,London Underground / Docklands Light Railway,913,7,,,,
2014,November,London Underground / Docklands Light Railway,856,6.8,,,,
2014,December,London Underground / Docklands Light Railway,883,7.7,,,,
2015,January,London Underground / Docklands Light Railway,801,6.9,,,,
2015,February,London Underground / Docklands Light Railway,724,6.3,,,,
2015,March,London Underground / Docklands Light Railway,899,7.1,,,,
2014,April,London Overground,83,7.3,,,,
2014,May,London Overground,91,8.4,,,,
2014,June,London Overground,75,6.7,,,,
2014,July,London Overground,80,6.5,,,,
2014,August,London Overground,70,5.9,,,,
2014,September,London Overground,82,7.1,,,,
2014,October,London Overground,54,4.4,,,,
2014,November,London Overground,63,5.3,,,,
2014,December,London Overground,52,4.9,,,,
2015,January,London Overground,64,6.1,,,,
2015,February,London Overground,68,6.1,,,,
2015,March,London Overground,58,4.6,,,,
2014,April,London Tramlink,14,5.6,,,,
2014,May,London Tramlink,13,5.4,,,,
2014,June,London Tramlink,14,5.3,,,,
2014,July,London Tramlink,19,7.2,,,,
2014,August,London Tramlink,7,3.3,,,,
2014,September,London Tramlink,8,2.9,,,,
2014,October,London Tramlink,20,7.2,,,,
2014,November,London Tramlink,22,8.2,,,,
2014,December,London Tramlink,17,6.7,,,,
2015,January,London Tramlink,23,8.8,,,,
2015,February,London Tramlink,22,9,,,,
2015,March,London Tramlink,29,10.8,,,,
2014,April,All transport modes,"2,152",6.9,,,,
2014,May,All transport modes,"2,201",6.6,,,,
2014,June,All transport modes,"2,368",7,,,,
2014,July,All transport modes,"2,350",6.9,,,,
2014,August,All transport modes,"2,024",6.7,,,,
2014,September,All transport modes,"2,442",7.1,,,,
2014,October,All transport modes,"2,572",7.1,,,,
2014,November,All transport modes,"2,462",7.2,,,,
2014,December,All transport modes,"2,467",7.8,,,,
2015,January,All transport modes,"2,389",7.5,,,,
2015,February,All transport modes,"2,153",7.1,,,,
2015,March,All transport modes,"2,574",7.4,,,,
2015,April,Bus,"1,376",7.2,,,,
2015,May,Bus,"1,415",7.1,,,,
2015,June,Bus,"1,509",7.3,,,,
2015,July,Bus,"1,524",7.6,,,,
2015,August,Bus,"1,368",7.9,,,,
2015,September,Bus,"1,408",6.9,,,,
2015,October,Bus,"1,550",7.6,,,,
2015,November,Bus,"1,633",8.3,,,,
2015,December,Bus,"1,504",8.3,,,,
2016,January,Bus,"1,394",7.5,,,,
2016,February,Bus,"1,407",7.7,,,,
2016,March,Bus,"1,396",7.2,,,,
2015,April,London Underground / Docklands Light Railway,805,6.9,,,,
2015,May,London Underground / Docklands Light Railway,841,7,,,,
2015,June,London Underground / Docklands Light Railway,841,6.8,,,,
2015,July,London Underground / Docklands Light Railway,837,6.8,,,,
2015,August,London Underground / Docklands Light Railway,830,7.6,,,,
2015,September,London Underground / Docklands Light Railway,815,6.6,,,,
2015,October,London Underground / Docklands Light Railway,929,6.8,,,,
2015,November,London Underground / Docklands Light Railway,"1,050",8.2,,,,
2015,December,London Underground / Docklands Light Railway,965,8.2,,,,
2016,January,London Underground / Docklands Light Railway,"1,091",9.2,,,,
2016,February,London Underground / Docklands Light Railway,906,7.4,,,,
2016,March,London Underground / Docklands Light Railway,"1,132",9,,,,
2015,April,London Overground,70,5.6,,,,
2015,May,London Overground,63,4.9,,,,
2015,June,London Overground,98,6.1,,,,
2015,July,London Overground,127,4.9,,,,
2015,August,London Overground,117,7.8,,,,
2015,September,London Overground,108,6.7,,,,
2015,October,London Overground,125,7.3,,,,
2015,November,London Overground,111,6.6,,,,
2015,December,London Overground,108,7.3,,,,
2016,January,London Overground,110,7,,,,
2016,February,London Overground,100,6.5,,,,
2016,March,London Overground,108,6.9,,,,
2015,April,London Tramlink,20,9.3,,,,
2015,May,London Tramlink,29,12.2,,,,
2015,June,London Tramlink,25,9.9,,,,
2015,July,London Tramlink,15,6.6,,,,
2015,August,London Tramlink,14,6.8,,,,
2015,September,London Tramlink,17,7.3,,,,
2015,October,London Tramlink,19,8.2,,,,
2015,November,London Tramlink,25,10.4,,,,
2015,December,London Tramlink,20,8.8,,,,
2016,January,London Tramlink,33,14.5,,,,
2016,February,London Tramlink,16,7.1,,,,
2016,March,London Tramlink,32,13.6,,,,
2015,April,All transport modes,"2,271",7.1,,,,
2015,May,All transport modes,"2,348",7,,,,
2015,June,All transport modes,"2,473",7,,,,
2015,July,All transport modes,"2,503",7.2,,,,
2015,August,All transport modes,"2,329",7.8,,,,
2015,September,All transport modes,"2,348",6.8,,,,
2015,October,All transport modes,"2,623",7.3,,,,
2015,November,All transport modes,"2,819",8.2,,,,
2015,December,All transport modes,"2,597",8.2,,,,
2016,January,All transport modes,"2,628",8.1,,,,
2016,February,All transport modes,"2,429",7.5,,,,
2016,March,All transport modes,"2,668",7.9,,,,
2016,April,Bus,"1,347",7.1,,,,
2016,May,Bus,"1,502",7.7,,,,
2016,June,Bus,"1,555",8.1,,,,
2016,July,Bus,"1,482",7.9,,,,
2016,August,Bus,"1,404",8.3,,,,
2016,September,Bus,"1,447",7.3,,,,
2016,October,Bus,"1,479",7.6,,,,
2016,November,Bus,"1,432",7.3,,,,
2016,December,Bus,"1,370",7.8,,,,
2017,January,Bus,"1,212",6.6,,,,
2017,February,Bus,"1,256",7.3,,,,
2017,March,Bus,"1,587",7.7,,,,
2016,April,London Underground / Docklands Light Railway,790,6.4,,,,
2016,May,London Underground / Docklands Light Railway,908,7.3,,,,
2016,June,London Underground / Docklands Light Railway,886,7.1,,,,
2016,July,London Underground / Docklands Light Railway,911,7.1,,,,
2016,August,London Underground / Docklands Light Railway,"1,028",8.7,,,,
2016,September,London Underground / Docklands Light Railway,856,6.9,,,,
2016,October,London Underground / Docklands Light Railway,963,7.3,,,,
2016,November,London Underground / Docklands Light Railway,"1,303",9.7,,,,
2016,December,London Underground / Docklands Light Railway,"1,020",8.5,,,,
2017,January,London Underground / Docklands Light Railway,974,8.4,,,,
2017,February,London Underground / Docklands Light Railway,944,8,,,,
2017,March,London Underground / Docklands Light Railway,"1,139",8.5,,,,
2016,April,London Overground,73,4.6,,,,
2016,May,London Overground,74,4.7,,,,
2016,June,London Overground,92,6.1,,,,
2016,July,London Overground,110,6.9,,,,
2016,August,London Overground,110,7.2,,,,
2016,September,London Overground,111,7,,,,
2016,October,London Overground,94,5.6,,,,
2016,November,London Overground,98,5.8,,,,
2016,December,London Overground,76,5.1,,,,
2017,January,London Overground,91,5.8,,,,
2017,February,London Overground,86,5.9,,,,
2017,March,London Overground,127,7.3,,,,
2016,April,TFL Rail,36,9.2,,,,
2016,May,TFL Rail,37,9.6,,,,
2016,June,TFL Rail,45,11.2,,,,
2016,July,TFL Rail,29,7.1,,,,
2016,August,TFL Rail,28,7.1,,,,
2016,September,TFL Rail,39,10.1,,,,
2016,October,TFL Rail,37,9.2,,,,
2016,November,TFL Rail,30,6.9,,,,
2016,December,TFL Rail,38,10.7,,,,
2017,January,TFL Rail,32,7.6,,,,
2017,February,TFL Rail,30,9.1,,,,
2017,March,TFL Rail,36,8.8,,,,
2016,April,London Tramlink,21,8.8,,,,
2016,May,London Tramlink,27,10.6,,,,
2016,June,London Tramlink,25,9.7,,,,
2016,July,London Tramlink,14,5.4,,,,
2016,August,London Tramlink,12,5.9,,,,
2016,September,London Tramlink,9,4.6,,,,
2016,October,London Tramlink,22,8.2,,,,
2016,November,London Tramlink,17,7.9,,,,
2016,December,London Tramlink,22,9,,,,
2017,January,London Tramlink,19,7.4,,,,
2017,February,London Tramlink,29,13.2,,,,
2017,March,London Tramlink,28,10.2,,,,
2016,April,All transport modes,"2,267",6.8,,,,
2016,May,All transport modes,"2,548",7.5,,,,
2016,June,All transport modes,"2,603",7.7,,,,
2016,July,All transport modes,"2,546",7.5,,,,
2016,August,All transport modes,"2,583",8.3,,,,
2016,September,All transport modes,"2,465",7.2,,,,
2016,October,All transport modes,"2,595",7.4,,,,
2016,November,All transport modes,"2,880",8.1,,,,
2016,December,All transport modes,"2,526",8,,,,
2017,January,All transport modes,"2,328",7.2,,,,
2017,February,All transport modes,"2,345",7.6,,,,
2017,March,All transport modes,"2,917",8,,,,
2017,April,Bus,"1,166",6.6,,,,
2017,May,Bus,"1,396",7,,,,
2017,June,Bus,"1,402",7.2,,,,
2017,July,Bus,"1,536",8.1,,,,
2017,August,Bus,"1,197",7.1,,,,
2017,September,Bus,"1,274",6.5,,,,
2017,October,Bus,"1,403",7.1,,,,
2017,November,Bus,"1,543",7.8,,,,
2017,December,Bus,"1,227",7.1,,,,
2018,January,Bus,"1,218",6.5,,,,
2018,February,Bus,"1,245",7.2,,,,
2018,March,Bus,"1,320",6.9,,,,
2017,April,London Underground,"1,014",9.5,,,,
2017,May,London Underground,922,7.9,,,,
2017,June,London Underground,"1,014",9,,,,
2017,July,London Underground,"1,103",9.4,,,,
2017,August,London Underground,992,9.1,,,,
2017,September,London Underground,995,9,,,,
2017,October,London Underground,"1,209",10,,,,
2017,November,London Underground,"1,257",10.3,,,,
2017,December,London Underground,"1,282",11.9,,,,
2018,January,London Underground,"1,194",10.7,,,,
2018,February,London Underground,"1,193",11.1,,,,
2018,March,London Underground,"1,295",11.2,,,,
2017,April,Docklands Light Railway,63,6.1,,,,
2017,May,Docklands Light Railway,61,5.9,,,,
2017,June,Docklands Light Railway,60,5.9,,,,
2017,July,Docklands Light Railway,55,5.3,,,,
2017,August,Docklands Light Railway,62,6.3,,,,
2017,September,Docklands Light Railway,45,4.6,,,,
2017,October,Docklands Light Railway,50,4.7,,,,
2017,November,Docklands Light Railway,57,5.3,,,,
2017,December,Docklands Light Railway,34,3.8,,,,
2018,January,Docklands Light Railway,44,4.5,,,,
2018,February,Docklands Light Railway,30,3.2,,,,
2018,March,Docklands Light Railway,52,5.4,,,,
2017,April,London Overground,98,6.6,,,,
2017,May,London Overground,134,8.3,,,,
2017,June,London Overground,137,8.7,,,,
2017,July,London Overground,124,7.7,,,,
2017,August,London Overground,113,7.6,,,,
2017,September,London Overground,110,7.2,,,,
2017,October,London Overground,142,9.2,,,,
2017,November,London Overground,102,6.5,,,,
2017,December,London Overground,109,7.8,,,,
2018,January,London Overground,97,6.1,,,,
2018,February,London Overground,111,7.6,,,,
2018,March,London Overground,116,7.2,,,,
2017,April,TFL Rail,34,10.3,,,,
2017,May,TFL Rail,51,13.4,,,,
2017,June,TFL Rail,29,7.4,,,,
2017,July,TFL Rail,36,9.1,,,,
2017,August,TFL Rail,41,11.2,,,,
2017,September,TFL Rail,55,13.9,,,,
2017,October,TFL Rail,69,16.6,,,,
2017,November,TFL Rail,64,15.4,,,,
2017,December,TFL Rail,44,13,,,,
2018,January,TFL Rail,60,14.7,,,,
2018,February,TFL Rail,59,16.9,,,,
2018,March,TFL Rail,69,19.3,,,,
2017,April,London Tramlink,19,8.7,,,,
2017,May,London Tramlink,23,9.3,,,,
2017,June,London Tramlink,24,9.7,,,,
2017,July,London Tramlink,27,10.8,,,,
2017,August,London Tramlink,26,11.5,,,,
2017,September,London Tramlink,24,9.1,,,,
2017,October,London Tramlink,35,13.3,,,,
2017,November,London Tramlink,17,6.5,,,,
2017,December,London Tramlink,19,8.3,,,,
2018,January,London Tramlink,23,9.7,,,,
2018,February,London Tramlink,14,6.3,,,,
2018,March,London Tramlink,18,7.6,,,,
2017,April,All transport modes,"2,394",7.6,,,,
2017,May,All transport modes,"2,575",7.4,,,,
2017,June,All transport modes,"2,666",7.8,,,,
2017,July,All transport modes,"2,881",8.5,,,,
2017,August,All transport modes,"2,431",7.9,,,,
2017,September,All transport modes,"2,503",7.4,,,,
2017,October,All transport modes,"2,908",8.3,,,,
2017,November,All transport modes,"3,040",8.6,,,,
2017,December,All transport modes,"2,715",8.8,,,,
2018,January,All transport modes,"2,636",8,,,,
2018,February,All transport modes,"2,652",8.6,,,,
2018,March,All transport modes,"2,870",8.5,,,,
2018,April,Bus,"1,080",6.1,,,,
2018,May,Bus,"1,220",6.3,,,,
2018,June,Bus,"1,194",6.1,,,,
2018,July,Bus,"1,273",6.8,,,,
2018,August,Bus,"1,032",6.2,,,,
2018,September,Bus,"1,184",6.2,,,,
2018,October,Bus,"1,369",7,,,,
2018,November,Bus,"1,488",7.6,,,,
2018,December,Bus,"1,262",7.3,,,,
2019,January,Bus,"1,318",7.2,,,,
2019,February,Bus,"1,369",8,,,,
2019,March,Bus,"1,568",8.1,,,,
2018,April,London Underground,"1,111",10.1,,,,
2018,May,London Underground,"1,155",9.9,,,,
2018,June,London Underground,"1,169",10.2,,,,
2018,July,London Underground,"1,206",10.3,,,,
2018,August,London Underground,"1,159",10.3,,,,
2018,September,London Underground,"1,103",10,,,,
2018,October,London Underground,"1,297",10.3,,,,
2018,November,London Underground,"1,355",10.9,,,,
2018,December,London Underground,"1,763",16,,,,
2019,January,London Underground,"1,531",13.4,,,,
2019,February,London Underground,"1,484",13.5,,,,
2019,March,London Underground,"1,896",15.6,,,,
2018,April,Docklands Light Railway,44,4.4,,,,
2018,May,Docklands Light Railway,63,5.9,,,,
2018,June,Docklands Light Railway,56,5.5,,,,
2018,July,Docklands Light Railway,64,6.2,,,,
2018,August,Docklands Light Railway,51,5.1,,,,
2018,September,Docklands Light Railway,73,7.6,,,,
2018,October,Docklands Light Railway,62,5.6,,,,
2018,November,Docklands Light Railway,56,5.2,,,,
2018,December,Docklands Light Railway,69,7.6,,,,
2019,January,Docklands Light Railway,52,5.2,,,,
2019,February,Docklands Light Railway,40,4.1,,,,
2019,March,Docklands Light Railway,75,7,,,,
2018,April,London Overground,120,7.7,,,,
2018,May,London Overground,142,9,,,,
2018,June,London Overground,132,8.3,,,,
2018,July,London Overground,132,8.3,,,,
2018,August,London Overground,150,9.7,,,,
2018,September,London Overground,103,6.2,,,,
2018,October,London Overground,152,8.7,,,,
2018,November,London Overground,130,7.8,,,,
2018,December,London Overground,167,13.3,,,,
2019,January,London Overground,103,6.5,,,,
2019,February,London Overground,135,9.4,,,,
2019,March,London Overground,141,8.4,,,,
2018,April,TFL Rail,52,13.4,,,,
2018,May,TFL Rail,62,15.2,,,,
2018,June,TFL Rail,58,12.7,,,,
2018,July,TFL Rail,87,18.2,,,,
2018,August,TFL Rail,85,18.9,,,,
2018,September,TFL Rail,97,20.9,,,,
2018,October,TFL Rail,112,20.8,,,,
2018,November,TFL Rail,76,16.2,,,,
2018,December,TFL Rail,62,16.3,,,,
2019,January,TFL Rail,61,12.2,,,,
2019,February,TFL Rail,46,10.5,,,,
2019,March,TFL Rail,74,15.9,,,,
2018,April,London Tramlink,22,10.7,,,,
2018,May,London Tramlink,26,10.2,,,,
2018,June,London Tramlink,15,5.9,,,,
2018,July,London Tramlink,25,10,,,,
2018,August,London Tramlink,15,6.3,,,,
2018,September,London Tramlink,14,5.6,,,,
2018,October,London Tramlink,21,8,,,,
2018,November,London Tramlink,21,8.3,,,,
2018,December,London Tramlink,31,13.5,,,,
2019,January,London Tramlink,19,8.3,,,,
2019,February,London Tramlink,12,5.5,,,,
2019,March,London Tramlink,16,6.8,,,,
2018,April,All transport modes,"2,429",7.6,,,,
2018,May,All transport modes,"2,666",7.7,,,,
2018,June,All transport modes,"2,624",7.7,,,,
2018,July,All transport modes,"2,787",8.2,,,,
2018,August,All transport modes,"2,492",8,,,,
2018,September,All transport modes,"2,574",7.7,,,,
2018,October,All transport modes,"3,013",8.4,,,,
2018,November,All transport modes,"3,126",8.8,,,,
2018,December,All transport modes,"3,354",10.8,,,,
2019,January,All transport modes,"3,084",9.3,,,,
2019,February,All transport modes,"3,086",9.9,,,,
2019,March,All transport modes,"3,770",10.7,,,,
2019,April,Bus,"1,386",8,,,,
2019,May,Bus,"1,395",7.4,,,,
2019,June,Bus,"1,564",8.3,,,,
2019,July,Bus,"1,469",7.8,,,,
2019,August,Bus,"1,146",7,,,,
2019,September,Bus,"1,328",7.1,,,,
2019,October,Bus,"1,693",8.9,,,,
2019,November,Bus,"1,507",8,,,,
2019,December,Bus,"1,277",7.6,,,,
2020,January,Bus,"1,422",7.9,,,,
2020,February,Bus,"1,408",8.3,,,,
2020,March,Bus,"1,158",9.5,,,,
2019,April,London Underground,"1,686",15,,,,
2019,May,London Underground,"1,441",12.4,,,,
2019,June,London Underground,"1,762",15,,,,
2019,July,London Underground,"1,489",12.2,,,,
2019,August,London Underground,"1,438",13.1,,,,
2019,September,London Underground,"1,363",12,,,,
2019,October,London Underground,"1,750",13.8,,,,
2019,November,London Underground,"1,965",15.9,,,,
2019,December,London Underground,"2,597",23.5,,,,
2020,January,London Underground,"2,004",17.6,,,,
2020,February,London Underground,"1,840",16.8,,,,
2020,March,London Underground,"1,296",21.3,,,,
2019,April,Docklands Light Railway,59,5.9,,,,
2019,May,Docklands Light Railway,40,3.8,,,,
2019,June,Docklands Light Railway,65,6.5,,,,
2019,July,Docklands Light Railway,60,5.7,,,,
2019,August,Docklands Light Railway,49,5,,,,
2019,September,Docklands Light Railway,40,4.1,,,,
2019,October,Docklands Light Railway,69,6.2,,,,
2019,November,Docklands Light Railway,61,5.8,,,,
2019,December,Docklands Light Railway,67,7.5,,,,
2020,January,Docklands Light Railway,77,7.8,,,,
2020,February,Docklands Light Railway,79,10.1,,,,
2020,March,Docklands Light Railway,63,,,,,
2019,April,London Overground,169,11,,,,
2019,May,London Overground,136,8.8,,,,
2019,June,London Overground,151,10.1,,,,
2019,July,London Overground,136,8.4,,,,
2019,August,London Overground,128,8.9,,,,
2019,September,London Overground,125,8.1,,,,
2019,October,London Overground,117,6.4,,,,
2019,November,London Overground,144,8.3,,,,
2019,December,London Overground,169,12.1,,,,
2020,January,London Overground,129,8.1,,,,
2020,February,London Overground,137,13.9,,,,
2020,March,London Overground,121,10.7,,,,
2019,April,TFL Rail,61,12.8,,,,
2019,May,TFL Rail,53,10.8,,,,
2019,June,TFL Rail,83,17.5,,,,
2019,July,TFL Rail,77,15.1,,,,
2019,August,TFL Rail,83,18.1,,,,
2019,September,TFL Rail,52,10.5,,,,
2019,October,TFL Rail,68,12.3,,,,
2019,November,TFL Rail,71,13.5,,,,
2019,December,TFL Rail,87,17.2,,,,
2020,January,TFL Rail,74,12.2,,,,
2020,February,TFL Rail,75,11.9,,,,
2020,March,TFL Rail,52,14.9,,,,
2019,April,London Tramlink,19,8.7,,,,
2019,May,London Tramlink,19,8,,,,
2019,June,London Tramlink,31,12.8,,,,
2019,July,London Tramlink,24,9.7,,,,
2019,August,London Tramlink,12,6.4,,,,
2019,September,London Tramlink,22,9.6,,,,
2019,October,London Tramlink,20,8,,,,
2019,November,London Tramlink,36,14.6,,,,
2019,December,London Tramlink,20,8.9,,,,
2020,January,London Tramlink,19,7.7,,,,
2020,February,London Tramlink,27,11.5,,,,
2020,March,London Tramlink,16,9.9,,,,
2019,April,All transport modes,"3,380",9.1,,,,
2019,May,All transport modes,"3,084",10.8,,,,
2019,June,All transport modes,"3,656",9.5,,,,
2019,July,All transport modes,"3,255",9.4,,,,
2019,August,All transport modes,"2,856",8.8,,,,
2019,September,All transport modes,"2,930",10.5,,,,
2019,October,All transport modes,"3,717",10.9,,,,
2019,November,All transport modes,"3,784",13.7,,,,
2019,December,All transport modes,"4,217",11.3,,,,
2020,January,All transport modes,"3,725",,,,,
2020,February,All transport modes,"3,566",,,,,
2020,March,All transport modes,"2,706",13.1,,,,
2020,April,Bus,450,16,,,,
2020,May,Bus,599,16.9,,,,
2020,June,Bus,782,15.1,,,,
2020,July,Bus,"1,053",13.8,,,,
2020,August,Bus,"1,033",12.1,,,,
2020,September,Bus,"1,302",11.8,,,,
2020,October,Bus,"1,261",11.6,,,,
2020,November,Bus,"1,020",12.1,,,,
2020,December,Bus,841,9.8,,,,
2021,January,Bus,481,9.2,,,,
2021,February,Bus,551,9.7,,,,
2021,March,Bus,870,11,,,,
2020,April,London Underground,341,63.4,,,,
2020,May,London Underground,322,44.5,,,,
2020,June,London Underground,393,26.5,,,,
2020,July,London Underground,566,21.6,,,,
2020,August,London Underground,626,18.8,,,,
2020,September,London Underground,727,17.6,,,,
2020,October,London Underground,814,18.6,,,,
2020,November,London Underground,707,24.1,,,,
2020,December,London Underground,692,21.8,,,,
2021,January,London Underground,480,31.1,,,,
2021,February,London Underground,483,26.5,,,,
2021,March,London Underground,630,23,,,,
2020,April,Docklands Light Railway,35,26.6,,,,
2020,May,Docklands Light Railway,28,19.1,,,,
2020,June,Docklands Light Railway,33,14,,,,
2020,July,Docklands Light Railway,51,14.8,,,,
2020,August,Docklands Light Railway,35,8.7,,,,
2020,September,Docklands Light Railway,54,11.4,,,,
2020,October,Docklands Light Railway,40,8.2,,,,
2020,November,Docklands Light Railway,41,10.2,,,,
2020,December,Docklands Light Railway,32,8,,,,
2021,January,Docklands Light Railway,34,12.3,,,,
2021,February,Docklands Light Railway,43,15.6,,,,
2021,March,Docklands Light Railway,40,9.8,,,,
2020,April,London Overground,42,50.1,,,,
2020,May,London Overground,49,32.9,,,,
2020,June,London Overground,60,19.2,,,,
2020,July,London Overground,58,11.9,,,,
2020,August,London Overground,96,17.9,,,,
2020,September,London Overground,93,14.1,,,,
2020,October,London Overground,85,13.4,,,,
2020,November,London Overground,87,17.8,,,,
2020,December,London Overground,53,10.7,,,,
2021,January,London Overground,59,19.2,,,,
2021,February,London Overground,49,13.7,,,,
2021,March,London Overground,72,12.9,,,,
2020,April,TFL Rail,24,18.3,,,,
2020,May,TFL Rail,28,38.3,,,,
2020,June,TFL Rail,39,30.8,,,,
2020,July,TFL Rail,51,26.6,,,,
2020,August,TFL Rail,48,22.7,,,,
2020,September,TFL Rail,62,24.4,,,,
2020,October,TFL Rail,48,18.8,,,,
2020,November,TFL Rail,36,17.6,,,,
2020,December,TFL Rail,40,20.8,,,,
2021,January,TFL Rail,39,34.1,,,,
2021,February,TFL Rail,32,24.4,,,,
2021,March,TFL Rail,36,18,,,,
2020,April,London Tramlink,5,10.4,,,,
2020,May,London Tramlink,11,21.4,,,,
2020,June,London Tramlink,13,16.8,,,,
2020,July,London Tramlink,12,10.4,,,,
2020,August,London Tramlink,21,19.4,,,,
2020,September,London Tramlink,24,16,,,,
2020,October,London Tramlink,14,9.1,,,,
2020,November,London Tramlink,16,10.9,,,,
2020,December,London Tramlink,12,9.6,,,,
2021,January,London Tramlink,10,11.5,,,,
2021,February,London Tramlink,6,8.2,,,,
2021,March,London Tramlink,13,12.2,,,,
2020,April,All transport modes,897,24,,,,
2020,May,All transport modes,"1,037",22.1,,,,
2020,June,All transport modes,"1,320",17.8,,,,
2020,July,All transport modes,"1,791",15.7,,,,
2020,August,All transport modes,"1,859",14.2,,,,
2020,September,All transport modes,"2,262",13.6,,,,
2020,October,All transport modes,"2,262",13.5,,,,
2020,November,All transport modes,"1,907",15.1,,,,
2020,December,All transport modes,"1,670",12.9,,,,
2021,January,All transport modes,"1,103",14.6,,,,
2021,February,All transport modes,"1,164",13.9,,,,
2021,March,All transport modes,"1,661",13.9,,,,
2021,April,Bus,858,9.3,,,,
2021,May,Bus,"1,028",9.1,,,,
2021,June,Bus,"1,056",9.1,,,,
2021,July,Bus,"1,131",9.6,,,,
2021,August,Bus,952,8.7,,,,
2021,September,Bus,"1,297",9.6,,,,
2021,October,Bus,"1,430",10.4,,,,
2021,November,Bus,"1,446",10.2,,,,
2021,December,Bus,"1,231",10.2,,,,
2022,January,Bus,"1,200",9.5,,,,
2022,February,Bus,"1,283",10.2,,,,
2022,March,Bus,"1,505",9.9,,,,
2021,April,London Underground,653,18.1,,,,
2021,May,London Underground,715,15.4,,,,
2021,June,London Underground,743,14.1,,,,
2021,July,London Underground,790,14.3,,,,
2021,August,London Underground,757,13,,,,
2021,September,London Underground,827,12.1,,,,
2021,October,London Underground,985,12.5,,,,
2021,November,London Underground,"1,103",13.8,,,,
2021,December,London Underground,"1,053",16.4,,,,
2022,January,London Underground,"1,059",17.8,,,,
2022,February,London Underground,997,14.1,,,,
2022,March,London Underground,"1,175",15,,,,
2021,April,Docklands Light Railway,44,9.2,,,,
2021,May,Docklands Light Railway,52,9.5,,,,
2021,June,Docklands Light Railway,48,8,,,,
2021,July,Docklands Light Railway,44,7.4,,,,
2021,August,Docklands Light Railway,32,5.3,,,,
2021,September,Docklands Light Railway,52,7.3,,,,
2021,October,Docklands Light Railway,69,8.8,,,,
2021,November,Docklands Light Railway,48,6.3,,,,
2021,December,Docklands Light Railway,55,9,,,,
2022,January,Docklands Light Railway,60,10.1,,,,
2022,February,Docklands Light Railway,49,7.7,,,,
2022,March,Docklands Light Railway,91,11.5,,,,
2021,April,London Overground,90,13.5,,,,
2021,May,London Overground,84,10.9,,,,
2021,June,London Overground,81,9.6,,,,
2021,July,London Overground,89,10.6,,,,
2021,August,London Overground,74,8.9,,,,
2021,September,London Overground,119,12.1,,,,
2021,October,London Overground,103,10.3,,,,
2021,November,London Overground,95,8.4,,,,
2021,December,London Overground,96,10.9,,,,
2022,January,London Overground,107,11.7,,,,
2022,February,London Overground,91,9.1,,,,
2022,March,London Overground,136,11.1,,,,
2021,April,TFL Rail,26,12.4,,,,
2021,May,TFL Rail,38,15.5,,,,
2021,June,TFL Rail,50,16.7,,,,
2021,July,TFL Rail,53,17.1,,,,
2021,August,TFL Rail,57,18.3,,,,
2021,September,TFL Rail,49,13.4,,,,
2021,October,TFL Rail,45,11.3,,,,
2021,November,TFL Rail,61,14.7,,,,
2021,December,TFL Rail,50,15,,,,
2022,January,TFL Rail,50,14.7,,,,
2022,February,TFL Rail,38,11,,,,
2022,March,TFL Rail,60,14.1,,,,
2021,April,London Tramlink,17,14.2,,,,
2021,May,London Tramlink,15,9.3,,,,
2021,June,London Tramlink,14,8.6,,,,
2021,July,London Tramlink,20,12.2,,,,
2021,August,London Tramlink,18,15.2,,,,
2021,September,London Tramlink,16,9.4,,,,
2021,October,London Tramlink,14,7.7,,,,
2021,November,London Tramlink,22,12.5,,,,
2021,December,London Tramlink,16,10.8,,,,
2022,January,London Tramlink,22,13,,,,
2022,February,London Tramlink,11,7.9,,,,
2022,March,London Tramlink,18,8.8,,,,
2021,April,All transport modes,"1,688",11.8,,,,
2021,May,All transport modes,"1,932",11,,,,
2021,June,All transport modes,"1,992",10.6,,,,
2021,July,All transport modes,"2,127",11.1,,,,
2021,August,All transport modes,"1,890",10.1,,,,
2021,September,All transport modes,"2,360",10.4,,,,
2021,October,All transport modes,"2,646",11,,,,
2021,November,All transport modes,"2,775",11.3,,,,
2021,December,All transport modes,"2,501",12.2,,,,
2022,January,All transport modes,"2,498",12.1,,,,
2022,February,All transport modes,"2,469",11.4,,,,
2022,March,All transport modes,"2,985",11.6,,,,
2022,April,Bus,"1,298",9.6,,,,
2022,May,Bus,"1,513",9.9,,,,
2022,June,Bus,"1,554",10.3,,,,
2022,July,Bus,"1,305",8.9,,,,
2022,August,Bus,"1,349",10.1,,,,
2022,September,Bus,"1,467",9.6,,,,
2022,October,Bus,"1,570",10,,,,
2022,November,Bus,"1,669",10.6,,,,
2022,December,Bus,"1,396",10.1,,,,
2023,January,Bus,"1,523",10.2,,,,
2023,February,Bus,"1,436",10.2,,,,
2023,March,Bus,"1,729",13.2,,,,
2022,April,London Underground,"1,050",13.3,,,,
2022,May,London Underground,"1,211",13.7,,,,
2022,June,London Underground,"1,211",15.3,,,,
2022,July,London Underground,"1,151",13.2,,,,
2022,August,London Underground,"1,329",16.3,,,,
2022,September,London Underground,937,10.4,,,,
2022,October,London Underground,"1,483",14.8,,,,
2022,November,London Underground,"1,725",18.1,,,,
2022,December,London Underground,"1,552",17.5,,,,
2023,January,London Underground,"1,687",19.1,,,,
2023,February,London Underground,"1,682",19,,,,
2023,March,London Underground,"1,917",24.9,,,,
2022,April,Docklands Light Railway,70,9.8,,,,
2022,May,Docklands Light Railway,107,12.8,,,,
2022,June,Docklands Light Railway,68,9.5,,,,
2022,July,Docklands Light Railway,58,8.1,,,,
2022,August,Docklands Light Railway,66,9.4,,,,
2022,September,Docklands Light Railway,50,6.7,,,,
2022,October,Docklands Light Railway,75,8.7,,,,
2022,November,Docklands Light Railway,98,12.1,,,,
2022,December,Docklands Light Railway,76,11,,,,
2023,January,Docklands Light Railway,67,8.7,,,,
2023,February,Docklands Light Railway,81,10.4,,,,
2023,March,Docklands Light Railway,85,12,,,,
2022,April,London Overground,105,8.8,,,,
2022,May,London Overground,127,9,,,,
2022,June,London Overground,147,11.8,,,,
2022,July,London Overground,136,10.4,,,,
2022,August,London Overground,152,12.8,,,,
2022,September,London Overground,101,7.1,,,,
2022,October,London Overground,125,9.1,,,,
2022,November,London Overground,160,10.7,,,,
2022,December,London Overground,128,12.2,,,,
2023,January,London Overground,123,9.2,,,,
2023,February,London Overground,135,10.7,,,,
2023,March,London Overground,171,14.5,,,,
2022,April,TFL Rail,67,16.2,,,,
2022,May,TFL Rail,86,12.8,,,,
2022,June,TFL Rail,87,8.6,,,,
2022,July,TFL Rail,90,8.4,,,,
2022,August,TFL Rail,95,8.8,,,,
2022,September,TFL Rail,79,6.6,,,,
2022,October,TFL Rail,109,9.4,,,,
2022,November,TFL Rail,139,8.5,,,,
2022,December,TFL Rail,142,9.5,,,,
2023,January,TFL Rail,108,6.9,,,,
2023,February,TFL Rail,130,8.2,,,,
2023,March,TFL Rail,128,9.6,,,,
2022,April,London Tramlink,10,6.3,,,,
2022,May,London Tramlink,27,13.8,,,,
2022,June,London Tramlink,20,11.1,,,,
2022,July,London Tramlink,22,13.1,,,,
2022,August,London Tramlink,21,13.8,,,,
2022,September,London Tramlink,13,7.1,,,,
2022,October,London Tramlink,14,7.9,,,,
2022,November,London Tramlink,37,20.6,,,,
2022,December,London Tramlink,33,21.6,,,,
2023,January,London Tramlink,41,22.6,,,,
2023,February,London Tramlink,24,14.3,,,,
2023,March,London Tramlink,28,18.5,,,,
2022,April,All transport modes,"2,600",10.9,,,,
2022,May,All transport modes,"3,071",11.3,,,,
2022,June,All transport modes,"3,087",11.8,,,,
2022,July,All transport modes,"2,762",10.4,,,,
2022,August,All transport modes,"3,012",12.2,,,,
2022,September,All transport modes,"2,647",9.5,,,,
2022,October,All transport modes,"3,376",11.5,,,,
2022,November,All transport modes,"3,828",13,,,,
2022,December,All transport modes,"3,327",12.8,,,,
2023,January,All transport modes,"3,549",12.9,,,,
2023,February,All transport modes,"3,488",13.1,,,,
2023,March,All transport modes,"4,058",16.8,,,,
2023,April,Bus,"1,672",11.5,,,,
2023,May,Bus,"1,584",9.9,,,,
2023,June,Bus,"1,618",10,,,,
2023,July,Bus,"1,373",8.8,,,,
2023,August,Bus,"1,178",8.2,,,,
2023,September,Bus,"1,551",9.5,,,,
2023,October,Bus,"1,739",10.7,,,,
2023,November,Bus,"1,764",10.9,,,,
2023,December,Bus,"1,702",11.5,,,,
2024,January,Bus,"1,565",10.3,,,,
2024,February,Bus,"1,504",10,,,,
2024,March,Bus,"1,520",9.3,,,,
2023,April,London Underground,"1,746",18.6,,,,
2023,May,London Underground,"1,934",19.8,,,,
2023,June,London Underground,"1,779",17.9,,,,
2023,July,London Underground,"1,937",19.4,,,,
2023,August,London Underground,"1,734",18.2,,,,
2023,September,London Underground,"1,680",17.7,,,,
2023,October,London Underground,"1,927",18.5,,,,
2023,November,London Underground,"2,328",21.9,,,,
2023,December,London Underground,"2,211",22.3,,,,
2024,January,London Underground,"1,960",21,,,,
2024,February,London Underground,"2,236",23.2,,,,
2024,March,London Underground,"2,123",21.1,,,,
2023,April,Docklands Light Railway,64,7.7,,,,
2023,May,Docklands Light Railway,75,8.6,,,,
2023,June,Docklands Light Railway,92,10.9,,,,
2023,July,Docklands Light Railway,93,11.2,,,,
2023,August,Docklands Light Railway,66,8.3,,,,
2023,September,Docklands Light Railway,68,8.1,,,,
2023,October,Docklands Light Railway,71,7.6,,,,
2023,November,Docklands Light Railway,72,8.8,,,,
2023,December,Docklands Light Railway,62,8.5,,,,
2024,January,Docklands Light Railway,80,10.2,,,,
2024,February,Docklands Light Railway,65,8.1,,,,
2024,March,Docklands Light Railway,61,7.6,,,,
2023,April,London Overground,147,10.4,,,,
2023,May,London Overground,161,10.4,,,,
2023,June,London Overground,167,10.4,,,,
2023,July,London Overground,155,10.5,,,,
2023,August,London Overground,170,12.1,,,,
2023,September,London Overground,146,9.2,,,,
2023,October,London Overground,198,12,,,,
2023,November,London Overground,211,12.9,,,,
2023,December,London Overground,163,11.8,,,,
2024,January,London Overground,162,11.3,,,,
2024,February,London Overground,149,10,,,,
2024,March,London Overground,172,11.4,,,,
2023,April,TFL Rail,109,7.5,,,,
2023,May,TFL Rail,160,9.6,,,,
2023,June,TFL Rail,130,7.4,,,,
2023,July,TFL Rail,167,9.4,,,,
2023,August,TFL Rail,162,9.4,,,,
2023,September,TFL Rail,186,10.4,,,,
2023,October,TFL Rail,190,10,,,,
2023,November,TFL Rail,195,10.2,,,,
2023,December,TFL Rail,187,10.8,,,,
2024,January,TFL Rail,163,9.5,,,,
2024,February,TFL Rail,171,9.9,,,,
2024,March,TFL Rail,194,10.6,,,,
2023,April,London Tramlink,28,18.9,,,,
2023,May,London Tramlink,25,13.8,,,,
2023,June,London Tramlink,18,9.7,,,,
2023,July,London Tramlink,28,16.2,,,,
2023,August,London Tramlink,22,13.8,,,,
2023,September,London Tramlink,33,18.6,,,,
2023,October,London Tramlink,28,18.4,,,,
2023,November,London Tramlink,21,11.7,,,,
2023,December,London Tramlink,16,9.6,,,,
2024,January,London Tramlink,25,14.1,,,,
2024,February,London Tramlink,15,12,,,,
2024,March,London Tramlink,10,5.9,,,,
2023,April,All transport modes,"3,766",13.6,,,,
2023,May,All transport modes,"3,939",13.1,,,,
2023,June,All transport modes,"3,804",12.5,,,,
2023,July,All transport modes,"3,753",12.5,,,,
2023,August,All transport modes,"3,332",12,,,,
2023,September,All transport modes,"3,664",12.1,,,,
2023,October,All transport modes,"4,153",13.2,,,,
2023,November,All transport modes,"4,591",14.6,,,,
2023,December,All transport modes,"4,341",15.1,,,,
2024,January,All transport modes,"3,955",13.8,,,,
2024,February,All transport modes,"4,140",14.3,,,,
2024,March,All transport modes,"4,080",13.3,,,,
